<?xml version="1.0" encoding="utf-8"?>
<Leaderboard xmlns:xsi="http://www.w3.org/2001/XMLSchema-instance" xmlns:xsd="http://www.w3.org/2001/XMLSchema">
  <Scores>
    <Score>
      <Name>Kai</Name>
      <PlayerScore>5000</PlayerScore>
    </Score>
    <Score>
      <Name>Lincoln</Name>
      <PlayerScore>7500</PlayerScore>
    </Score>
    <Score>
      <Name>Billy</Name>
      <PlayerScore>250</PlayerScore>
    </Score>
    <Score>
      <Name>Rob</Name>
      <PlayerScore>10000</PlayerScore>
    </Score>
    <Score>
      <Name>TEST</Name>
      <PlayerScore>0</PlayerScore>
    </Score>
    <Score>
      <Name>My name is: T e s t </Name>
      <PlayerScore>0</PlayerScore>
    </Score>
    <Score>
      <Name>T e s t </Name>
      <PlayerScore>0</PlayerScore>
    </Score>
  </Scores>
</Leaderboard>